{
  "transition_matrix": {
    "0": [
      0.16666666666666666,
      0.16666666666666666,
      0.16666666666666666,
      0.16666666666666666,
      0.16666666666666666,
      0.16666666666666666
    ],
    "1": [
      0.3352576029855339,
      0.46646235027463145,
      0.008058683787441283,
      0.03014329409822484,
      0.16007806885416978,
      0.0
    ],
    "2": [
      0.4293049291237114,
      0.11469072164948453,
      0.1776538337628866,
      0.015927029639175257,
      0.2624234858247423,
      0.0
    ],
    "3": [
      0.16666666666666666,
      0.16666666666666666,
      0.16666666666666666,
      0.16666666666666666,
      0.16666666666666666,
      0.16666666666666666
    ],
    "4": [
      0.042020568283334975,
      0.15430864135227634,
      0.010058880892921106,
      0.010183495226627188,
      0.7834284142448349,
      0.0
    ],
    "5": [
      0.0,
      0.0,
      0.0,
      0.0,
      0.0,
      1.0
    ],
    "10": [
      1.0,
      0.0,
      0.0,
      0.0,
      0.0,
      0.0
    ],
    "11": [
      0.8314935092587923,
      0.13484247424922832,
      0.007468849932125224,
      0.008623100095836734,
      0.017572066464054754,
      0.0
    ]
  }
}