{
  "transition_matrix": {
    "0": [
      0.16666666666666666,
      0.16666666666666666,
      0.16666666666666666,
      0.16666666666666666,
      0.16666666666666666,
      0.16666666666666666
    ],
    "1": [
      0.4716595244179721,
      0.27881471434281485,
      0.004630994738325045,
      0.023404788582886124,
      0.2170096911796505,
      0.004480286738351255
    ],
    "2": [
      0.4818849601593626,
      0.0806980411686587,
      0.1835366865869854,
      0.022202855245683932,
      0.23167745683930943,
      0.0
    ],
    "3": [
      0.16666666666666666,
      0.16666666666666666,
      0.16666666666666666,
      0.16666666666666666,
      0.16666666666666666,
      0.16666666666666666
    ],
    "4": [
      0.27134753132088385,
      0.17351010831977828,
      0.013176180122990516,
      0.018751845557480742,
      0.5124818420574521,
      0.010732492621411327
    ],
    "5": [
      0.0,
      0.0,
      0.0,
      0.0,
      0.0,
      1.0
    ],
    "10": [
      1.0,
      0.0,
      0.0,
      0.0,
      0.0,
      0.0
    ],
    "11": [
      0.6106971769018441,
      0.2022595275853645,
      0.01636121164649184,
      0.02314356213130404,
      0.13029462286024257,
      0.01724389887476249
    ]
  }
}