{
  "transition_matrix": {
    "0": [
      0.16666666666666666,
      0.16666666666666666,
      0.16666666666666666,
      0.16666666666666666,
      0.16666666666666666,
      0.16666666666666666
    ],
    "1": [
      0.27421595195080994,
      0.5201495198250443,
      0.008374536464771322,
      0.027896104719343288,
      0.16936388704003047,
      0.0
    ],
    "2": [
      0.5057627118644068,
      0.08635593220338983,
      0.16877118644067796,
      0.01754237288135593,
      0.22156779661016948,
      0.0
    ],
    "3": [
      0.16666666666666666,
      0.16666666666666666,
      0.16666666666666666,
      0.16666666666666666,
      0.16666666666666666,
      0.16666666666666666
    ],
    "4": [
      0.03531202883253891,
      0.1407575524797829,
      0.0064777025350846226,
      0.008472592727086507,
      0.8089801234255043,
      0.0
    ],
    "5": [
      0.0,
      0.0,
      0.0,
      0.0,
      0.0,
      1.0
    ],
    "10": [
      1.0,
      0.0,
      0.0,
      0.0,
      0.0,
      0.0
    ],
    "11": [
      0.8368256465345159,
      0.1365699070996769,
      0.00682492170727704,
      0.00477748506601183,
      0.015002039592471534,
      0.0
    ]
  }
}