{
  "transition_matrix": {
    "0": [
      0.16666666666666666,
      0.16666666666666666,
      0.16666666666666666,
      0.16666666666666666,
      0.16666666666666666,
      0.16666666666666666
    ],
    "1": [
      0.4042179748405387,
      0.3799210321678872,
      0.003844421804866525,
      0.03053143948342389,
      0.18148513170328373,
      0.0
    ],
    "2": [
      0.482510885341074,
      0.08563134978229318,
      0.19731494920174164,
      0.018505079825834544,
      0.2160377358490566,
      0.0
    ],
    "3": [
      0.16666666666666666,
      0.16666666666666666,
      0.16666666666666666,
      0.16666666666666666,
      0.16666666666666666,
      0.16666666666666666
    ],
    "4": [
      0.07293206798437206,
      0.15028080093813792,
      0.010266763624128625,
      0.008653332656725365,
      0.7578670347966489,
      0.0
    ],
    "5": [
      0.0,
      0.0,
      0.0,
      0.0,
      0.0,
      1.0
    ],
    "10": [
      1.0,
      0.0,
      0.0,
      0.0,
      0.0,
      0.0
    ],
    "11": [
      0.8179558166709313,
      0.1430596446518222,
      0.009391512631227528,
      0.009227400828279674,
      0.02036562521769138,
      0.0
    ]
  }
}