{
  "transition_matrix": {
    "0": [
      0.16666666666666666,
      0.16666666666666666,
      0.16666666666666666,
      0.16666666666666666,
      0.16666666666666666,
      0.16666666666666666
    ],
    "1": [
      0.4365582594556578,
      0.2866351059408156,
      0.008990353653690686,
      0.034148728207798386,
      0.23366755274203777,
      0.0
    ],
    "2": [
      0.5120056497175142,
      0.0750760538896132,
      0.16378748370273796,
      0.018415906127770533,
      0.23071490656236415,
      0.0
    ],
    "3": [
      0.16666666666666666,
      0.16666666666666666,
      0.16666666666666666,
      0.16666666666666666,
      0.16666666666666666,
      0.16666666666666666
    ],
    "4": [
      0.11144467846564604,
      0.1279160020957661,
      0.008062270022442058,
      0.01597589630513244,
      0.7366011531110085,
      0.0
    ],
    "5": [
      0.0,
      0.0,
      0.0,
      0.0,
      0.0,
      1.0
    ],
    "10": [
      1.0,
      0.0,
      0.0,
      0.0,
      0.0,
      0.0
    ],
    "11": [
      0.7790384636774526,
      0.13661818046258417,
      0.010023702310789548,
      0.01949301496655616,
      0.054826638582597675,
      0.0
    ]
  }
}